,institution_id,source_id,member_id,grid_label,zstore_siconc,version,zstore_so,version_x,zstore_thetao,version_y,xname,yname,lonname,latname,zname,type,zstore_hfds,zstore_mlotst
0,BCC,BCC-CSM2-MR,r1i1p1f1,gn,gs://cmip6/CMIP6/CMIP/BCC/BCC-CSM2-MR/piControl/r1i1p1f1/SImon/siconc/gn/v20200219/,20200219.0,gs://cmip6/CMIP6/CMIP/BCC/BCC-CSM2-MR/piControl/r1i1p1f1/Omon/so/gn/v20181015/,20181015.0,gs://cmip6/CMIP6/CMIP/BCC/BCC-CSM2-MR/piControl/r1i1p1f1/Omon/thetao/gn/v20181015/,20181015.0,lon,lat,longitude,latitude,lev,MOM,,gs://cmip6/CMIP6/CMIP/BCC/BCC-CSM2-MR/piControl/r1i1p1f1/Omon/mlotst/gn/v20181015/
1,BCC,BCC-ESM1,r1i1p1f1,gn,gs://cmip6/CMIP6/CMIP/BCC/BCC-ESM1/piControl/r1i1p1f1/SImon/siconc/gn/v20200219/,20200219.0,gs://cmip6/CMIP6/CMIP/BCC/BCC-ESM1/piControl/r1i1p1f1/Omon/so/gn/v20181218/,20181218.0,gs://cmip6/CMIP6/CMIP/BCC/BCC-ESM1/piControl/r1i1p1f1/Omon/thetao/gn/v20181218/,20181218.0,lon,lat,longitude,latitude,lev,MOM,,gs://cmip6/CMIP6/CMIP/BCC/BCC-ESM1/piControl/r1i1p1f1/Omon/mlotst/gn/v20181218/
2,CAMS,CAMS-CSM1-0,r1i1p1f1,gn,gs://cmip6/CMIP6/CMIP/CAMS/CAMS-CSM1-0/piControl/r1i1p1f1/SImon/siconc/gn/v20190729/,20190729.0,gs://cmip6/CMIP6/CMIP/CAMS/CAMS-CSM1-0/piControl/r1i1p1f1/Omon/so/gn/v20190729/,20190729.0,gs://cmip6/CMIP6/CMIP/CAMS/CAMS-CSM1-0/piControl/r1i1p1f1/Omon/thetao/gn/v20190729/,20190729.0,i,j,longitude,latitude,lev,MOM,gs://cmip6/CMIP6/CMIP/CAMS/CAMS-CSM1-0/piControl/r1i1p1f1/Omon/hfds/gn/v20190729/,gs://cmip6/CMIP6/CMIP/CAMS/CAMS-CSM1-0/piControl/r1i1p1f1/Omon/mlotst/gn/v20190729/
3,CSIRO,ACCESS-ESM1-5,r1i1p1f1,gn,gs://cmip6/CMIP6/CMIP/CSIRO/ACCESS-ESM1-5/piControl/r1i1p1f1/SImon/siconc/gn/v20210316/,20210316.0,gs://cmip6/CMIP6/CMIP/CSIRO/ACCESS-ESM1-5/piControl/r1i1p1f1/Omon/so/gn/v20191214/,20191214.0,gs://cmip6/CMIP6/CMIP/CSIRO/ACCESS-ESM1-5/piControl/r1i1p1f1/Omon/thetao/gn/v20191214,20191214.0,i,j,longitude,latitude,lev,MOM,gs://cmip6/CMIP6/CMIP/CSIRO/ACCESS-ESM1-5/piControl/r1i1p1f1/Omon/hfds/gn/v20191214/,gs://cmip6/CMIP6/CMIP/CSIRO/ACCESS-ESM1-5/piControl/r1i1p1f1/Omon/mlotst/gn/v20210316/
4,CSIRO-ARCCSS,ACCESS-CM2,r1i1p1f1,gn,gs://cmip6/CMIP6/CMIP/CSIRO-ARCCSS/ACCESS-CM2/piControl/r1i1p1f1/SImon/siconc/gn/v20200817/,20200817.0,gs://cmip6/CMIP6/CMIP/CSIRO-ARCCSS/ACCESS-CM2/piControl/r1i1p1f1/Omon/so/gn/v20191112/,20191112.0,gs://cmip6/CMIP6/CMIP/CSIRO-ARCCSS/ACCESS-CM2/piControl/r1i1p1f1/Omon/thetao/gn/v20191112/,20191112.0,i,j,longitude,latitude,lev,MOM,gs://cmip6/CMIP6/CMIP/CSIRO-ARCCSS/ACCESS-CM2/piControl/r1i1p1f1/Omon/hfds/gn/v20191112/,gs://cmip6/CMIP6/CMIP/CSIRO-ARCCSS/ACCESS-CM2/piControl/r1i1p1f1/Omon/mlotst/gn/v20191112/
5,NOAA-GFDL,GFDL-CM4,r1i1p1f1,gn,gs://cmip6/CMIP6/CMIP/NOAA-GFDL/GFDL-CM4/piControl/r1i1p1f1/SImon/siconc/gn/v20180701/,20180701.0,gs://cmip6/CMIP6/CMIP/NOAA-GFDL/GFDL-CM4/piControl/r1i1p1f1/Omon/so/gn/v20180701/,20180701.0,gs://cmip6/CMIP6/CMIP/NOAA-GFDL/GFDL-CM4/piControl/r1i1p1f1/Omon/thetao/gn/v20180701/,20180701.0,x,y,lon,lat,lev,MOM,gs://cmip6/CMIP6/CMIP/NOAA-GFDL/GFDL-CM4/piControl/r1i1p1f1/Omon/hfds/gn/v20180701/,gs://cmip6/CMIP6/CMIP/NOAA-GFDL/GFDL-CM4/piControl/r1i1p1f1/Omon/mlotst/gr/v20180701/
6,NOAA-GFDL,GFDL-ESM4,r1i1p1f1,gn,gs://cmip6/CMIP6/CMIP/NOAA-GFDL/GFDL-ESM4/piControl/r1i1p1f1/SImon/siconc/gn/v20180701/,20180701.0,gs://cmip6/CMIP6/CMIP/NOAA-GFDL/GFDL-ESM4/piControl/r1i1p1f1/Omon/so/gn/v20180701/,20180701.0,gs://cmip6/CMIP6/CMIP/NOAA-GFDL/GFDL-ESM4/piControl/r1i1p1f1/Omon/thetao/gn/v20180701/,20180701.0,x,y,lon,lat,lev,MOM,gs://cmip6/CMIP6/CMIP/NOAA-GFDL/GFDL-ESM4/piControl/r1i1p1f1/Omon/hfds/gn/v20180701/,gs://cmip6/CMIP6/CMIP/NOAA-GFDL/GFDL-ESM4/piControl/r1i1p1f1/Omon/mlotst/gn/v20180701/
7,KIOST,KIOST-ESM,r1i1p1f1,gr1,,,,,,,lon,lat,,,lev,MOM,,gs://cmip6/CMIP6/CMIP/KIOST/KIOST-ESM/piControl/r1i1p1f1/Omon/mlotst/gr1/v20200825/
8,NUIST,NESM3,r1i1p1f1,gn,gs://cmip6/CMIP6/CMIP/NUIST/NESM3/piControl/r1i1p1f1/SImon/siconc/gn/v20190704/,20190704.0,gs://cmip6/CMIP6/CMIP/NUIST/NESM3/piControl/r1i1p1f1/Omon/so/gn/v20190704/,20190704.0,gs://cmip6/CMIP6/CMIP/NUIST/NESM3/piControl/r1i1p1f1/Omon/thetao/gn/v20190704/,20190704.0,i,j,longitude,latitude,lev,NEMO,gs://cmip6/CMIP6/CMIP/NUIST/NESM3/piControl/r1i1p1f1/Omon/hfds/gn/v20190704/,gs://cmip6/CMIP6/CMIP/NUIST/NESM3/piControl/r1i1p1f1/Omon/mlotst/gn/v20190704/
9,CCCma,CanESM5,r1i1p1f1,gn,gs://cmip6/CMIP6/CMIP/CCCma/CanESM5/piControl/r1i1p1f1/SImon/siconc/gn/v20190429/,20190429.0,gs://cmip6/CMIP6/CMIP/CCCma/CanESM5/piControl/r1i1p1f1/Omon/so/gn/v20190429/,20190429.0,gs://cmip6/CMIP6/CMIP/CCCma/CanESM5/piControl/r1i1p1f1/Omon/thetao/gn/v20190429/,20190429.0,i,j,longitude,latitude,lev,NEMO,gs://cmip6/CMIP6/CMIP/CCCma/CanESM5/piControl/r1i1p1f1/Omon/hfds/gn/v20190429/,gs://cmip6/CMIP6/CMIP/CCCma/CanESM5/piControl/r1i1p1f1/Omon/mlotst/gn/v20190429/
10,CCCma,CanESM5-1,r1i1p1f1,gn,,,,,,,i,j,longitude,latitude,lev,NEMO,,
11,CCCma,CanESM5-CanOE,r1i1p2f1,gn,gs://cmip6/CMIP6/CMIP/CCCma/CanESM5-CanOE/piControl/r1i1p2f1/SImon/siconc/gn/v20190429/,20190429.0,gs://cmip6/CMIP6/CMIP/CCCma/CanESM5-CanOE/piControl/r1i1p2f1/Omon/so/gn/v20190429/,20190429.0,gs://cmip6/CMIP6/CMIP/CCCma/CanESM5-CanOE/piControl/r1i1p2f1/Omon/thetao/gn/v20190429/,20190429.0,i,j,longitude,latitude,lev,NEMO,gs://cmip6/CMIP6/CMIP/CCCma/CanESM5-CanOE/piControl/r1i1p2f1/Omon/hfds/gn/v20190429/,gs://cmip6/CMIP6/CMIP/CCCma/CanESM5-CanOE/piControl/r1i1p2f1/Omon/mlotst/gn/v20190429/
12,CMCC,CMCC-CM2-SR5,r1i1p1f1,gn,gs://cmip6/CMIP6/CMIP/CMCC/CMCC-CM2-SR5/piControl/r1i1p1f1/SImon/siconc/gn/v20200616/,20200616.0,gs://cmip6/CMIP6/CMIP/CMCC/CMCC-CM2-SR5/piControl/r1i1p1f1/Omon/so/gn/v20200616/,20200616.0,gs://cmip6/CMIP6/CMIP/CMCC/CMCC-CM2-SR5/piControl/r1i1p1f1/Omon/thetao/gn/v20200616/,20200616.0,i,j,longitude,latitude,lev,NEMO,gs://cmip6/CMIP6/CMIP/CMCC/CMCC-CM2-SR5/piControl/r1i1p1f1/Omon/hfds/gn/v20200616/,gs://cmip6/CMIP6/CMIP/CMCC/CMCC-CM2-SR5/piControl/r1i1p1f1/Omon/mlotst/gn/v20200616/
13,CMCC,CMCC-ESM2,r1i1p1f1,gn,gs://cmip6/CMIP6/CMIP/CMCC/CMCC-ESM2/piControl/r1i1p1f1/SImon/siconc/gn/v20210304/,20210304.0,gs://cmip6/CMIP6/CMIP/CMCC/CMCC-ESM2/piControl/r1i1p1f1/Omon/so/gn/v20210304/,20210304.0,gs://cmip6/CMIP6/CMIP/CMCC/CMCC-ESM2/piControl/r1i1p1f1/Omon/thetao/gn/v20210304/,20210304.0,i,j,longitude,latitude,lev,NEMO,gs://cmip6/CMIP6/CMIP/CMCC/CMCC-ESM2/piControl/r1i1p1f1/Omon/hfds/gn/v20210304/,gs://cmip6/CMIP6/CMIP/CMCC/CMCC-ESM2/piControl/r1i1p1f1/Omon/mlotst/gn/v20210304/
14,EC-Earth-Consortium,EC-Earth3,r1i1p1f1,gn,gs://cmip6/CMIP6/CMIP/EC-Earth-Consortium/EC-Earth3/piControl/r1i1p1f1/SImon/siconc/gn/v20200918/,20200918.0,gs://cmip6/CMIP6/CMIP/EC-Earth-Consortium/EC-Earth3/piControl/r1i1p1f1/Omon/so/gn/v20200918/,20200918.0,gs://cmip6/CMIP6/CMIP/EC-Earth-Consortium/EC-Earth3/piControl/r1i1p1f1/Omon/thetao/gn/v20200918/,20200918.0,i,j,longitude,latitude,lev,NEMO,gs://cmip6/CMIP6/CMIP/EC-Earth-Consortium/EC-Earth3/piControl/r1i1p1f1/Omon/hfds/gn/v20200918/,gs://cmip6/CMIP6/CMIP/EC-Earth-Consortium/EC-Earth3/piControl/r1i1p1f1/Omon/mlotst/gn/v20200918/
15,EC-Earth-Consortium,EC-Earth3-CC,r1i1p1f1,gn,gs://cmip6/CMIP6/CMIP/EC-Earth-Consortium/EC-Earth3-CC/piControl/r1i1p1f1/SImon/siconc/gn/v20210331/,20210331.0,,,,,i,j,longitude,latitude,lev,NEMO,,gs://cmip6/CMIP6/CMIP/EC-Earth-Consortium/EC-Earth3-CC/piControl/r1i1p1f1/Omon/mlotst/gn/v20210416/
16,EC-Earth-Consortium,EC-Earth3-LR,r1i1p1f1,gn,gs://cmip6/CMIP6/CMIP/EC-Earth-Consortium/EC-Earth3-LR/piControl/r1i1p1f1/SImon/siconc/gn/v20200919/,20200919.0,,,,,i,j,longitude,latitude,lev,NEMO,gs://cmip6/CMIP6/CMIP/EC-Earth-Consortium/EC-Earth3-LR/piControl/r1i1p1f1/Omon/hfds/gn/v20200919/,gs://cmip6/CMIP6/CMIP/EC-Earth-Consortium/EC-Earth3-LR/piControl/r1i1p1f1/Omon/mlotst/gn/v20200919/
17,EC-Earth-Consortium,EC-Earth3-Veg,r1i1p1f1,gn,gs://cmip6/CMIP6/CMIP/EC-Earth-Consortium/EC-Earth3-Veg/piControl/r1i1p1f1/SImon/siconc/gn/v20210419/,20210419.0,,,,,i,j,longitude,latitude,lev,NEMO,gs://cmip6/CMIP6/CMIP/EC-Earth-Consortium/EC-Earth3-Veg/piControl/r1i1p1f1/Omon/hfds/gn/v20200919/,gs://cmip6/CMIP6/CMIP/EC-Earth-Consortium/EC-Earth3-Veg/piControl/r1i1p1f1/Omon/mlotst/gn/v20210419/
18,EC-Earth-Consortium,EC-Earth3-Veg-LR,r1i1p1f1,gn,gs://cmip6/CMIP6/CMIP/EC-Earth-Consortium/EC-Earth3-Veg-LR/piControl/r1i1p1f1/SImon/siconc/gn/v20200919/,20200919.0,,,,,i,j,longitude,latitude,lev,NEMO,gs://cmip6/CMIP6/CMIP/EC-Earth-Consortium/EC-Earth3-Veg-LR/piControl/r1i1p1f1/Omon/hfds/gn/v20200919/,gs://cmip6/CMIP6/CMIP/EC-Earth-Consortium/EC-Earth3-Veg-LR/piControl/r1i1p1f1/Omon/mlotst/gn/v20200919/
19,EC-Earth-Consortium,EC-Earth3-AerChem,r1i1p1f1,gn,,,gs://cmip6/CMIP6/CMIP/EC-Earth-Consortium/EC-Earth3-AerChem/piControl/r1i1p1f1/Omon/so/gn/v20200821,20200821.0,gs://cmip6/CMIP6/CMIP/EC-Earth-Consortium/EC-Earth3-AerChem/piControl/r1i1p1f1/Omon/thetao/gn/v20200821,20200821.0,i,j,longitude,latitude,lev,NEMO,,
20,CNRM-CERFACS,CNRM-CM6-1,r1i1p1f2,gn,gs://cmip6/CMIP6/CMIP/CNRM-CERFACS/CNRM-CM6-1/piControl/r1i1p1f2/SImon/siconc/gn/v20180814/,20180814.0,gs://cmip6/CMIP6/CMIP/CNRM-CERFACS/CNRM-CM6-1/piControl/r1i1p1f2/Omon/so/gn/v20180814/,20180814.0,gs://cmip6/CMIP6/CMIP/CNRM-CERFACS/CNRM-CM6-1/piControl/r1i1p1f2/Omon/thetao/gn/v20180814/,20180814.0,x,y,lon,lat,lev,NEMO,gs://cmip6/CMIP6/CMIP/CNRM-CERFACS/CNRM-CM6-1/piControl/r1i1p1f2/Omon/hfds/gn/v20180814/,gs://cmip6/CMIP6/CMIP/CNRM-CERFACS/CNRM-CM6-1/piControl/r1i1p1f2/Omon/mlotst/gn/v20180814/
21,CNRM-CERFACS,CNRM-CM6-1-HR,r1i1p1f2,gn,gs://cmip6/CMIP6/CMIP/CNRM-CERFACS/CNRM-CM6-1-HR/piControl/r1i1p1f2/SImon/siconc/gn/v20191021/,20191021.0,gs://cmip6/CMIP6/CMIP/CNRM-CERFACS/CNRM-CM6-1-HR/piControl/r1i1p1f2/Omon/so/gn/v20191021/,20191021.0,gs://cmip6/CMIP6/CMIP/CNRM-CERFACS/CNRM-CM6-1-HR/piControl/r1i1p1f2/Omon/thetao/gn/v20191021/,20191021.0,x,y,lon,lat,lev,NEMO,gs://cmip6/CMIP6/CMIP/CNRM-CERFACS/CNRM-CM6-1-HR/piControl/r1i1p1f2/Omon/hfds/gn/v20191021/,gs://cmip6/CMIP6/CMIP/CNRM-CERFACS/CNRM-CM6-1-HR/piControl/r1i1p1f2/Omon/mlotst/gn/v20191021/
22,CNRM-CERFACS,CNRM-ESM2-1,r1i1p1f2,gn,gs://cmip6/CMIP6/CMIP/CNRM-CERFACS/CNRM-ESM2-1/piControl/r1i1p1f2/SImon/siconc/gn/v20181115/,20181115.0,gs://cmip6/CMIP6/CMIP/CNRM-CERFACS/CNRM-ESM2-1/piControl/r1i1p1f2/Omon/so/gn/v20181115/,20181115.0,gs://cmip6/CMIP6/CMIP/CNRM-CERFACS/CNRM-ESM2-1/piControl/r1i1p1f2/Omon/thetao/gn/v20181115/,20181115.0,x,y,lon,lat,lev,NEMO,gs://cmip6/CMIP6/CMIP/CNRM-CERFACS/CNRM-ESM2-1/piControl/r1i1p1f2/Omon/hfds/gn/v20181115/,gs://cmip6/CMIP6/CMIP/CNRM-CERFACS/CNRM-ESM2-1/piControl/r1i1p1f2/Omon/mlotst/gn/v20181115/
23,MOHC,HadGEM3-GC31-LL,r1i1p1f1,gn,gs://cmip6/CMIP6/CMIP/MOHC/HadGEM3-GC31-LL/piControl/r1i1p1f1/SImon/siconc/gn/v20190628/,20190628.0,gs://cmip6/CMIP6/CMIP/MOHC/HadGEM3-GC31-LL/piControl/r1i1p1f1/Omon/so/gn/v20190628/,20190628.0,gs://cmip6/CMIP6/CMIP/MOHC/HadGEM3-GC31-LL/piControl/r1i1p1f1/Omon/thetao/gn/v20190628/,20190628.0,i,j,longitude,latitude,lev,NEMO,gs://cmip6/CMIP6/CMIP/MOHC/HadGEM3-GC31-LL/piControl/r1i1p1f1/Omon/hfds/gn/v20190628/,gs://cmip6/CMIP6/CMIP/MOHC/HadGEM3-GC31-LL/piControl/r1i1p1f1/Omon/mlotst/gn/v20211103/
24,MOHC,HadGEM3-GC31-MM,r1i1p1f1,gn,gs://cmip6/CMIP6/CMIP/MOHC/HadGEM3-GC31-MM/piControl/r1i1p1f1/SImon/siconc/gn/v20191204/,20191204.0,gs://cmip6/CMIP6/CMIP/MOHC/HadGEM3-GC31-MM/piControl/r1i1p1f1/Omon/so/gn/v20200107/,20200107.0,gs://cmip6/CMIP6/CMIP/MOHC/HadGEM3-GC31-MM/piControl/r1i1p1f1/Omon/thetao/gn/v20200107/,20200107.0,i,j,longitude,latitude,lev,NEMO,gs://cmip6/CMIP6/CMIP/MOHC/HadGEM3-GC31-MM/piControl/r1i1p1f1/Omon/hfds/gn/v20191204/,gs://cmip6/CMIP6/CMIP/MOHC/HadGEM3-GC31-MM/piControl/r1i1p1f1/Omon/mlotst/gn/v20191204/
25,MOHC,UKESM1-0-LL,r1i1p1f2,gn,gs://cmip6/CMIP6/CMIP/MOHC/UKESM1-0-LL/piControl/r1i1p1f2/SImon/siconc/gn/v20200828/,20200828.0,gs://cmip6/CMIP6/CMIP/MOHC/UKESM1-0-LL/piControl/r1i1p1f2/Omon/so/gn/v20190827/,20190827.0,gs://cmip6/CMIP6/CMIP/MOHC/UKESM1-0-LL/piControl/r1i1p1f2/Omon/thetao/gn/v20190827/,20190827.0,i,j,longitude,latitude,lev,NEMO,gs://cmip6/CMIP6/CMIP/MOHC/UKESM1-0-LL/piControl/r1i1p1f2/Omon/hfds/gn/v20200828/,gs://cmip6/CMIP6/CMIP/MOHC/UKESM1-0-LL/piControl/r1i1p1f2/Omon/mlotst/gn/v20200828/
26,MOHC,UKESM1-1-LL,r1i1p1f2,gn,,,,,,,i,j,longitude,latitude,lev,NEMO,,
27,IPSL,IPSL-CM5A2-INCA,r1i1p1f1,gn,gs://cmip6/CMIP6/CMIP/IPSL/IPSL-CM5A2-INCA/piControl/r1i1p1f1/SImon/siconc/gn/v20210216/,20210216.0,,,,,x,y,nav_lon,nav_lat,deptht,NEMO,,gs://cmip6/CMIP6/CMIP/IPSL/IPSL-CM5A2-INCA/piControl/r1i1p1f1/Omon/mlotst/gn/v20210216/
28,IPSL,IPSL-CM6A-LR,r1i1p1f1,gn,gs://cmip6/CMIP6/CMIP/IPSL/IPSL-CM6A-LR/piControl/r1i1p1f1/SImon/siconc/gn/v20200326/,20200326.0,gs://cmip6/CMIP6/CMIP/IPSL/IPSL-CM6A-LR/piControl/r1i1p1f1/Omon/so/gn/v20200326/,20200326.0,gs://cmip6/CMIP6/CMIP/IPSL/IPSL-CM6A-LR/piControl/r1i1p1f1/Omon/thetao/gn/v20200326/,20200326.0,x,y,nav_lon,nav_lat,olevel,NEMO,gs://cmip6/CMIP6/CMIP/IPSL/IPSL-CM6A-LR/piControl/r1i1p1f1/Omon/hfds/gn/v20200326/,gs://cmip6/CMIP6/CMIP/IPSL/IPSL-CM6A-LR/piControl/r1i1p1f1/Omon/mlotst/gn/v20200326/
29,IPSL,IPSL-CM6A-MR1,r1i1p1f1,gn,,,,,,,x,y,nav_lon,nav_lat,olevel,NEMO,,
30,MIROC,MIROC6,r1i1p1f1,gn,gs://cmip6/CMIP6/CMIP/MIROC/MIROC6/piControl/r1i1p1f1/SImon/siconc/gn/v20181212/,20181212.0,gs://cmip6/CMIP6/CMIP/MIROC/MIROC6/piControl/r1i1p1f1/Omon/so/gn/v20190311/,20190311.0,gs://cmip6/CMIP6/CMIP/MIROC/MIROC6/piControl/r1i1p1f1/Omon/thetao/gn/v20190311/,20190311.0,x,y,longitude,latitude,lev,COCO,,gs://cmip6/CMIP6/CMIP/MIROC/MIROC6/piControl/r1i1p1f1/Omon/mlotst/gn/v20210129/
31,MIROC,MIROC-ES2L,r1i1p1f2,gn,gs://cmip6/CMIP6/CMIP/MIROC/MIROC-ES2L/piControl/r1i1p1f2/SImon/siconc/gn/v20190823/,20190823.0,gs://cmip6/CMIP6/CMIP/MIROC/MIROC-ES2L/piControl/r1i1p1f2/Omon/so/gn/v20190823/,20190823.0,gs://cmip6/CMIP6/CMIP/MIROC/MIROC-ES2L/piControl/r1i1p1f2/Omon/thetao/gn/v20190823/,20190823.0,x,y,longitude,latitude,lev,COCO,,
32,MIROC,MIROC-ES2H,r1i1p4f2,gn,,,,,,,x,y,longitude,latitude,lev,COCO,,
33,MRI,MRI-ESM2-0,r1i2p1f1,gn,gs://cmip6/CMIP6/CMIP/MRI/MRI-ESM2-0/piControl/r1i2p1f1/SImon/siconc/gn/v20210311/,20210311.0,gs://cmip6/CMIP6/CMIP/MRI/MRI-ESM2-0/piControl/r1i2p1f1/Omon/so/gn/v20200222,20200222.0,gs://cmip6/CMIP6/CMIP/MRI/MRI-ESM2-0/piControl/r1i2p1f1/Omon/thetao/gn/v20210311/,20210311.0,x,y,longitude,latitude,lev,MRI.COM,gs://cmip6/CMIP6/CMIP/MRI/MRI-ESM2-0/piControl/r1i2p1f1/Omon/hfds/gn/v20210311/,gs://cmip6/CMIP6/CMIP/MRI/MRI-ESM2-0/piControl/r1i2p1f1/Omon/mlotst/gn/v20200222/
34,CAS,FGOALS-g3,r1i1p1f1,gn,gs://cmip6/CMIP6/CMIP/CAS/FGOALS-g3/piControl/r1i1p1f1/SImon/siconc/gn/v20191030/,20191030.0,gs://cmip6/CMIP6/CMIP/CAS/FGOALS-g3/piControl/r1i1p1f1/Omon/so/gn/v20191126/,20191126.0,gs://cmip6/CMIP6/CMIP/CAS/FGOALS-g3/piControl/r1i1p1f1/Omon/thetao/gn/v20191126/,20191126.0,i,j,longitude,latitude,lev,LICOM,gs://cmip6/CMIP6/CMIP/CAS/FGOALS-g3/piControl/r1i1p1f1/Omon/hfds/gn/v20191126/,gs://cmip6/CMIP6/CMIP/CAS/FGOALS-g3/piControl/r1i1p1f1/Omon/mlotst/gn/v20191125/
35,CAS,CAS-ESM2-0,r1i1p1f1,gn,,,gs://cmip6/CMIP6/CMIP/CAS/CAS-ESM2-0/piControl/r1i1p1f1/Omon/so/gn/v20200307,20200307.0,gs://cmip6/CMIP6/CMIP/CAS/CAS-ESM2-0/piControl/r1i1p1f1/Omon/thetao/gn/v20200307,20200307.0,i,j,longitude,latitude,lev,LICOM,,gs://cmip6/CMIP6/CMIP/CAS/CAS-ESM2-0/piControl/r1i1p1f1/Omon/mlotst/gn/v20201227/
36,THU,CIESM,r1i1p1f1,gn,gs://cmip6/CMIP6/CMIP/THU/CIESM/piControl/r1i1p1f1/SImon/siconc/gn/v20200420/,20200420.0,gs://cmip6/CMIP6/CMIP/THU/CIESM/piControl/r1i1p1f1/Omon/so/gn/v20200417/,20200417.0,gs://cmip6/CMIP6/CMIP/THU/CIESM/piControl/r1i1p1f1/Omon/thetao/gn/v20200220/,20200220.0,i,j,longitude,latitude,lev,LICOM,gs://cmip6/CMIP6/CMIP/THU/CIESM/piControl/r1i1p1f1/Omon/hfds/gn/v20200220/,
37,AS-RCEC,TaiESM1,r1i1p1f1,gn,gs://cmip6/CMIP6/CMIP/AS-RCEC/TaiESM1/piControl/r1i1p1f1/SImon/siconc/gn/v20200309/,20200309.0,gs://cmip6/CMIP6/CMIP/AS-RCEC/TaiESM1/piControl/r1i1p1f1/Omon/so/gn/v20210213/,20210213.0,gs://cmip6/CMIP6/CMIP/AS-RCEC/TaiESM1/piControl/r1i1p1f1/Omon/thetao/gn/v20210213/,20210213.0,i,j,longitude,latitude,lev,POP,gs://cmip6/CMIP6/CMIP/AS-RCEC/TaiESM1/piControl/r1i1p1f1/Omon/hfds/gn/v20210213/,
38,NCAR,CESM2,r1i1p1f1,gn,gs://cmip6/CMIP6/CMIP/NCAR/CESM2/piControl/r1i1p1f1/SImon/siconc/gn/v20190320/,20190320.0,gs://cmip6/CMIP6/CMIP/NCAR/CESM2/piControl/r1i1p1f1/Omon/so/gn/v20190320/,20190320.0,gs://cmip6/CMIP6/CMIP/NCAR/CESM2/piControl/r1i1p1f1/Omon/thetao/gn/v20190320/,20190320.0,nlon,nlat,lon,lat,lev,POP,gs://cmip6/CMIP6/CMIP/NCAR/CESM2/piControl/r1i1p1f1/Omon/hfds/gn/v20190320/,gs://cmip6/CMIP6/CMIP/NCAR/CESM2/piControl/r1i1p1f1/Omon/mlotst/gn/v20190320/
39,NCAR,CESM2-FV2,r1i1p1f1,gn,gs://cmip6/CMIP6/CMIP/NCAR/CESM2-FV2/piControl/r1i1p1f1/SImon/siconc/gn/v20191120/,20191120.0,gs://cmip6/CMIP6/CMIP/NCAR/CESM2-FV2/piControl/r1i1p1f1/Omon/so/gn/v20191120/,20191120.0,gs://cmip6/CMIP6/CMIP/NCAR/CESM2-FV2/piControl/r1i1p1f1/Omon/thetao/gn/v20191120/,20191120.0,nlon,nlat,lon,lat,lev,POP,gs://cmip6/CMIP6/CMIP/NCAR/CESM2-FV2/piControl/r1i1p1f1/Omon/hfds/gn/v20191120/,gs://cmip6/CMIP6/CMIP/NCAR/CESM2-FV2/piControl/r1i1p1f1/Omon/mlotst/gn/v20191120/
40,NCAR,CESM2-WACCM,r1i1p1f1,gn,gs://cmip6/CMIP6/CMIP/NCAR/CESM2-WACCM/piControl/r1i1p1f1/SImon/siconc/gn/v20190320/,20190320.0,gs://cmip6/CMIP6/CMIP/NCAR/CESM2-WACCM/piControl/r1i1p1f1/Omon/so/gn/v20190320/,20190320.0,gs://cmip6/CMIP6/CMIP/NCAR/CESM2-WACCM/piControl/r1i1p1f1/Omon/thetao/gn/v20190320/,20190320.0,nlon,nlat,lon,lat,lev,POP,gs://cmip6/CMIP6/CMIP/NCAR/CESM2-WACCM/piControl/r1i1p1f1/Omon/hfds/gn/v20190320/,gs://cmip6/CMIP6/CMIP/NCAR/CESM2-WACCM/piControl/r1i1p1f1/Omon/mlotst/gn/v20190320/
41,NCAR,CESM2-WACCM-FV2,r1i1p1f1,gn,gs://cmip6/CMIP6/CMIP/NCAR/CESM2-WACCM-FV2/piControl/r1i1p1f1/SImon/siconc/gn/v20191120/,20191120.0,gs://cmip6/CMIP6/CMIP/NCAR/CESM2-WACCM-FV2/piControl/r1i1p1f1/Omon/so/gn/v20191120/,20191120.0,gs://cmip6/CMIP6/CMIP/NCAR/CESM2-WACCM-FV2/piControl/r1i1p1f1/Omon/thetao/gn/v20191120/,20191120.0,nlon,nlat,lon,lat,lev,POP,gs://cmip6/CMIP6/CMIP/NCAR/CESM2-WACCM-FV2/piControl/r1i1p1f1/Omon/hfds/gn/v20191120/,gs://cmip6/CMIP6/CMIP/NCAR/CESM2-WACCM-FV2/piControl/r1i1p1f1/Omon/mlotst/gn/v20191120/
42,SNU,SAM0-UNICON,r1i1p1f1,gn,gs://cmip6/CMIP6/CMIP/SNU/SAM0-UNICON/piControl/r1i1p1f1/SImon/siconc/gn/v20190910/,20190910.0,gs://cmip6/CMIP6/CMIP/SNU/SAM0-UNICON/piControl/r1i1p1f1/Omon/so/gn/v20190910/,20190910.0,gs://cmip6/CMIP6/CMIP/SNU/SAM0-UNICON/piControl/r1i1p1f1/Omon/thetao/gn/v20190910/,20190910.0,i,j,longitude,latitude,lev,POP,gs://cmip6/CMIP6/CMIP/SNU/SAM0-UNICON/piControl/r1i1p1f1/Omon/hfds/gn/v20190910/,
43,NASA-GISS,GISS-E2-1-H,r1i1p1f1,gr,gs://cmip6/CMIP6/CMIP/NASA-GISS/GISS-E2-1-H/piControl/r1i1p1f1/SImon/siconc/gr/v20190410/,20190410.0,gs://cmip6/CMIP6/CMIP/NASA-GISS/GISS-E2-1-H/piControl/r1i1p1f1/Omon/so/gr/v20190410/,20190410.0,gs://cmip6/CMIP6/CMIP/NASA-GISS/GISS-E2-1-H/piControl/r1i1p1f1/Omon/thetao/gr/v20190410/,20190410.0,lon,lat,,,lev,HYCOM,gs://cmip6/CMIP6/CMIP/NASA-GISS/GISS-E2-1-H/piControl/r1i1p1f1/Omon/hfds/gn/v20190410/,
44,NASA-GISS,GISS-E2-2-H,r1i1p1f1,gr,gs://cmip6/CMIP6/CMIP/NASA-GISS/GISS-E2-2-H/piControl/r1i1p1f1/SImon/siconc/gr/v20191120/,20191120.0,,,,,lon,lat,,,lev,HYCOM,,
45,INM,INM-CM4-8,r1i1p1f1,gr1,gs://cmip6/CMIP6/CMIP/INM/INM-CM4-8/piControl/r1i1p1f1/SImon/siconc/gr1/v20190605/,20190605.0,gs://cmip6/CMIP6/CMIP/INM/INM-CM4-8/piControl/r1i1p1f1/Omon/so/gr1/v20190605/,20190605.0,gs://cmip6/CMIP6/CMIP/INM/INM-CM4-8/piControl/r1i1p1f1/Omon/thetao/gr1/v20190605/,20190605.0,lon,lat,,,lev,INM,,
46,NCC,NorESM2-MM,r1i1p1f1,gr,gs://cmip6/CMIP6/CMIP/NCC/NorESM2-MM/piControl/r1i1p1f1/SImon/siconc/gn/v20191108/,20191108.0,gs://cmip6/CMIP6/CMIP/NCC/NorESM2-MM/piControl/r1i1p1f1/Omon/so/gr/v20191108,20191108.0,gs://cmip6/CMIP6/CMIP/NCC/NorESM2-MM/piControl/r1i1p1f1/Omon/thetao/gr/v20191108,20191108.0,i,j,longitude,latitude,lev,BLOM,,
47,NCC,NorESM2-LM,r1i1p1f1,gn,,,gs://cmip6/CMIP6/CMIP/NCC/NorESM2-LM/piControl/r1i1p1f1/Omon/so/gr/v20210118,20210118.0,gs://cmip6/CMIP6/CMIP/NCC/NorESM2-LM/piControl/r1i1p1f1/Omon/thetao/gr/v20210118,20210118.0,i,j,longitude,latitude,lev,MICOM,gs://cmip6/CMIP6/CMIP/NCC/NorESM2-LM/piControl/r1i1p1f1/Omon/hfds/gn/v20210118/,gs://cmip6/CMIP6/CMIP/NCC/NorESM2-LM/piControl/r1i1p1f1/Omon/mlotst/gn/v20210118/
48,NCC,NorCPM1,r1i1p1f1,gn,gs://cmip6/CMIP6/CMIP/NCC/NorCPM1/piControl/r1i1p1f1/SImon/siconc/gn/v20190914/,20190914.0,gs://cmip6/CMIP6/CMIP/NCC/NorCPM1/piControl/r1i1p1f1/Omon/so/gr/v20190914/,20190914.0,gs://cmip6/CMIP6/CMIP/NCC/NorCPM1/piControl/r1i1p1f1/Omon/thetao/gr/v20190914/,20190914.0,i,j,longitude,latitude,lev,MICOM,gs://cmip6/CMIP6/CMIP/NCC/NorCPM1/piControl/r1i1p1f1/Omon/hfds/gn/v20190914/,gs://cmip6/CMIP6/CMIP/NCC/NorCPM1/piControl/r1i1p1f1/Omon/mlotst/gn/v20190914/
49,HAMMOZ-Consortium,MPI-ESM-1-2-HAM,r1i1p1f1,gn,gs://cmip6/CMIP6/CMIP/HAMMOZ-Consortium/MPI-ESM-1-2-HAM/piControl/r1i1p1f1/SImon/siconc/gn/v20200120/,20200120.0,,,,,i,j,longitude,latitude,lev,MPIOM,,gs://cmip6/CMIP6/CMIP/HAMMOZ-Consortium/MPI-ESM-1-2-HAM/piControl/r1i1p1f1/Omon/mlotst/gn/v20200120/
50,MPI-M,MPI-ESM1-2-HR,r1i1p1f1,gn,gs://cmip6/CMIP6/CMIP/MPI-M/MPI-ESM1-2-HR/piControl/r1i1p1f1/SImon/siconc/gn/v20190710/,20190710.0,gs://cmip6/CMIP6/CMIP/MPI-M/MPI-ESM1-2-HR/piControl/r1i1p1f1/Omon/so/gn/v20190710/,20190710.0,gs://cmip6/CMIP6/CMIP/MPI-M/MPI-ESM1-2-HR/piControl/r1i1p1f1/Omon/thetao/gn/v20190710/,20190710.0,i,j,longitude,latitude,lev,MPIOM,gs://cmip6/CMIP6/CMIP/MPI-M/MPI-ESM1-2-HR/piControl/r1i1p1f1/Omon/hfds/gn/v20190710/,gs://cmip6/CMIP6/CMIP/MPI-M/MPI-ESM1-2-HR/piControl/r1i1p1f1/Omon/mlotst/gn/v20190710/
51,MPI-M,MPI-ESM1-2-LR,r1i1p1f1,gn,gs://cmip6/CMIP6/CMIP/MPI-M/MPI-ESM1-2-LR/piControl/r1i1p1f1/SImon/siconc/gn/v20190710/,20190710.0,gs://cmip6/CMIP6/CMIP/MPI-M/MPI-ESM1-2-LR/piControl/r1i1p1f1/Omon/so/gn/v20190710/,20190710.0,gs://cmip6/CMIP6/CMIP/MPI-M/MPI-ESM1-2-LR/piControl/r1i1p1f1/Omon/thetao/gn/v20190710/,20190710.0,i,j,longitude,latitude,lev,MPIOM,gs://cmip6/CMIP6/CMIP/MPI-M/MPI-ESM1-2-LR/piControl/r1i1p1f1/Omon/hfds/gn/v20190710/,gs://cmip6/CMIP6/CMIP/MPI-M/MPI-ESM1-2-LR/piControl/r1i1p1f1/Omon/mlotst/gn/v20190710/
52,MPI-M,ICON-ESM-LR,r1i1p1f1,gn,gs://cmip6/CMIP6/CMIP/MPI-M/ICON-ESM-LR/piControl/r1i1p1f1/SImon/siconc/gn/v20210215/,20210215.0,gs://cmip6/CMIP6/CMIP/MPI-M/ICON-ESM-LR/piControl/r1i1p1f1/Omon/so/gn/v20210215/,20210215.0,gs://cmip6/CMIP6/CMIP/MPI-M/ICON-ESM-LR/piControl/r1i1p1f1/Omon/thetao/gn/v20210215/,20210215.0,,,,,lev,ICON-O,,gs://cmip6/CMIP6/CMIP/MPI-M/ICON-ESM-LR/piControl/r1i1p1f1/Omon/mlotst/gn/v20210215/
53,AWI,AWI-ESM-1-1-LR,r1i1p1f1,gn,gs://cmip6/CMIP6/CMIP/AWI/AWI-ESM-1-1-LR/piControl/r1i1p1f1/SImon/siconc/gn/v20200212/,20200212.0,gs://cmip6/CMIP6/CMIP/AWI/AWI-ESM-1-1-LR/piControl/r1i1p1f1/Omon/so/gn/v20200212/,20200212.0,gs://cmip6/CMIP6/CMIP/AWI/AWI-ESM-1-1-LR/piControl/r1i1p1f1/Omon/thetao/gn/v20200212/,20200212.0,,,,,depth,FESOM,gs://cmip6/CMIP6/CMIP/AWI/AWI-ESM-1-1-LR/piControl/r1i1p1f1/Omon/hfds/gn/v20200212/,gs://cmip6/CMIP6/CMIP/AWI/AWI-ESM-1-1-LR/piControl/r1i1p1f1/Omon/mlotst/gn/v20200212/
54,E3SM-Project,E3SM-1-0,r1i1p1f1,gr,gs://cmip6/CMIP6/CMIP/E3SM-Project/E3SM-1-0/piControl/r1i1p1f1/SImon/siconc/gr/v20191210/,20191210.0,gs://cmip6/CMIP6/CMIP/E3SM-Project/E3SM-1-0/piControl/r1i1p1f1/Omon/so/gr/v20200129/,20200129.0,gs://cmip6/CMIP6/CMIP/E3SM-Project/E3SM-1-0/piControl/r1i1p1f1/Omon/thetao/gr/v20200129/,20200129.0,lon,lat,,,lev,MPAS-Ocean,gs://cmip6/CMIP6/CMIP/E3SM-Project/E3SM-1-0/piControl/r1i1p1f1/Omon/hfds/gr/v20191007/,gs://cmip6/CMIP6/CMIP/E3SM-Project/E3SM-1-0/piControl/r1i1p1f1/Omon/mlotst/gr/v20200129/
55,E3SM-Project,E3SM-1-1,r1i1p1f1,gr,gs://cmip6/CMIP6/CMIP/E3SM-Project/E3SM-1-1/piControl/r1i1p1f1/SImon/siconc/gr/v20201123/,20201123.0,gs://cmip6/CMIP6/CMIP/E3SM-Project/E3SM-1-1/piControl/r1i1p1f1/Omon/so/gr/v20201130/,20201130.0,gs://cmip6/CMIP6/CMIP/E3SM-Project/E3SM-1-1/piControl/r1i1p1f1/Omon/thetao/gr/v20201130/,20201130.0,lon,lat,,,lev,MPAS-Ocean,gs://cmip6/CMIP6/CMIP/E3SM-Project/E3SM-1-1/piControl/r1i1p1f1/Omon/hfds/gr/v20201125/,gs://cmip6/CMIP6/CMIP/E3SM-Project/E3SM-1-1/piControl/r1i1p1f1/Omon/mlotst/gr/v20201125/
56,E3SM-Project,E3SM-1-1-ECA,r1i1p1f1,gr,gs://cmip6/CMIP6/CMIP/E3SM-Project/E3SM-1-1-ECA/piControl/r1i1p1f1/SImon/siconc/gr/v20201202/,20201202.0,gs://cmip6/CMIP6/CMIP/E3SM-Project/E3SM-1-1-ECA/piControl/r1i1p1f1/Omon/so/gr/v20201203/,20201203.0,gs://cmip6/CMIP6/CMIP/E3SM-Project/E3SM-1-1-ECA/piControl/r1i1p1f1/Omon/thetao/gr/v20201203/,20201203.0,lon,lat,,,lev,MPAS-Ocean,gs://cmip6/CMIP6/CMIP/E3SM-Project/E3SM-1-1-ECA/piControl/r1i1p1f1/Omon/hfds/gr/v20201203/,gs://cmip6/CMIP6/CMIP/E3SM-Project/E3SM-1-1-ECA/piControl/r1i1p1f1/Omon/mlotst/gr/v20201203/
57,E3SM-Project,E3SM-2-0,r1i1p1f1,gr,,,,,,,lon,lat,,,lev,MPAS-Ocean,,
58,E3SM-Project,E3SM-2-0-NARRM,r1i1p1f1,gr,,,,,,,lon,lat,,,lev,MPAS-Ocean,,
